City_ID,City,Country,Date,Lat,Lng,Max Temp,Humidity,Cloudiness,Wind Speed
0,Provideniya,RU,2021-10-21 18:00:05,64.3833,-173.3,20.37,88,36,6.55
1,San Cristobal,VE,2021-10-21 18:00:06,7.7669,-72.225,86.77,40,20,5.68
2,Albany,US,2021-10-21 17:59:45,42.6001,-73.9662,73.09,60,66,1.99
3,Hermanus,ZA,2021-10-21 18:00:07,-34.4187,19.2345,63.9,78,85,3.53
4,Thompson,CA,2021-10-21 18:00:07,55.7435,-97.8558,33.76,70,50,5.23
5,East London,ZA,2021-10-21 18:00:09,-33.0153,27.9116,71.67,75,90,14.58
6,Klaksvik,FO,2021-10-21 18:00:10,62.2266,-6.589,40.12,75,96,32.26
7,Udachnyy,RU,2021-10-21 18:00:11,66.4167,112.4,19.71,95,47,8.57
8,Puerto Ayora,EC,2021-10-21 18:00:12,-0.7393,-90.3518,71.46,80,70,11.59
9,Hobart,AU,2021-10-21 18:00:13,-42.8794,147.3294,58.86,82,75,8.05
10,Avarua,CK,2021-10-21 18:00:13,-21.2078,-159.775,71.65,73,40,11.5
11,Atuona,PF,2021-10-21 17:58:29,-9.8,-139.0333,78.08,78,10,21.81
12,Vaini,TO,2021-10-21 18:00:14,-21.2,-175.2,74.75,73,75,17.96
13,Ialibu,PG,2021-10-21 18:00:15,-6.2821,143.9935,56.25,90,98,2.71
14,Dunedin,NZ,2021-10-21 18:00:14,-45.8742,170.5036,50.81,72,55,3.0
15,Norman Wells,CA,2021-10-21 18:00:16,65.282,-126.8329,30.7,81,6,3.56
16,Jamestown,US,2021-10-21 17:59:31,42.097,-79.2353,70.09,62,74,5.99
17,Kodiak,US,2021-10-21 18:00:17,57.79,-152.4072,37.35,91,75,4.52
18,Khatanga,RU,2021-10-21 18:00:18,71.9667,102.5,5.16,97,94,6.49
19,Romny,UA,2021-10-21 18:00:19,50.751,33.4747,54.3,70,89,20.4
20,Ilulissat,GL,2021-10-21 18:00:19,69.2167,-51.1,28.42,80,75,3.44
21,Baglan,AF,2021-10-21 18:00:20,36.1307,68.7083,60.62,39,100,6.26
22,Khandyga,RU,2021-10-21 18:00:21,62.6667,135.6,15.6,95,99,6.22
23,Punta Arenas,CL,2021-10-21 18:00:22,-53.15,-70.9167,51.12,50,68,23.47
24,Ushuaia,AR,2021-10-21 17:57:01,-54.8,-68.3,49.62,65,75,28.77
25,Amazar,RU,2021-10-21 18:00:23,53.858,120.875,30.87,78,61,2.95
26,Upernavik,GL,2021-10-21 18:00:24,72.7868,-56.1549,19.99,79,57,11.45
27,Tasiilaq,GL,2021-10-21 18:00:24,65.6145,-37.6368,37.56,73,33,7.92
28,Irbil,IQ,2021-10-21 18:00:03,36.1926,44.0106,71.1,28,5,5.5
29,Horodnytsya,UA,2021-10-21 18:00:25,50.807,27.3168,57.65,61,77,16.22
30,Lorengau,PG,2021-10-21 18:00:25,-2.0226,147.2712,80.71,80,100,6.85
31,Altayskoye,RU,2021-10-21 18:00:26,51.9533,85.3325,50.18,38,84,6.46
32,Batsfjord,NO,2021-10-21 18:00:26,70.6345,29.7185,37.4,77,100,26.91
33,Saint George,US,2021-10-21 17:57:14,37.1041,-113.5841,75.67,34,95,1.01
34,Gari,RU,2021-10-21 18:00:27,59.4307,62.3497,28.24,75,58,7.09
35,Georgetown,MY,2021-10-21 18:00:27,5.4112,100.3354,79.9,87,20,0.0
36,Great Yarmouth,GB,2021-10-21 18:00:28,52.6083,1.7305,45.01,65,43,14.38
37,Hami,CN,2021-10-21 18:00:29,42.8,93.45,57.61,20,3,6.26
38,Barrow,US,2021-10-21 18:00:29,71.2906,-156.7887,26.62,86,90,12.66
39,Susanville,US,2021-10-21 18:00:30,40.4163,-120.653,58.82,67,96,3.0
40,Rikitea,PF,2021-10-21 18:00:30,-23.1203,-134.9692,74.52,77,100,20.65
41,Bengkulu,ID,2021-10-21 18:00:31,-3.8004,102.2655,75.04,93,98,4.79
42,Hamilton,US,2021-10-21 17:58:08,39.1834,-84.5333,72.37,74,40,3.0
43,Bangui,CF,2021-10-21 18:00:31,4.3612,18.555,73.04,94,78,1.81
44,Lebu,CL,2021-10-21 18:00:32,-37.6167,-73.65,54.77,68,57,17.83
45,Marsa Matruh,EG,2021-10-21 17:56:13,31.3525,27.2453,71.8,64,40,9.22
46,Bethel,US,2021-10-21 17:59:32,41.3712,-73.414,75.88,54,55,10.09
47,Namibe,AO,2021-10-21 18:00:32,-15.1961,12.1522,67.87,79,11,10.16
48,Bujumbura,BI,2021-10-21 18:00:17,-3.3822,29.3644,75.22,77,100,4.16
49,Yerbogachen,RU,2021-10-21 18:00:33,61.2767,108.0108,33.87,90,100,8.28
50,Alberobello,IT,2021-10-21 18:00:34,40.7859,17.2372,62.35,85,67,12.55
51,Praia,CV,2021-10-21 18:00:34,14.9215,-23.5087,81.97,67,4,17.85
52,Busselton,AU,2021-10-21 18:00:34,-33.65,115.3333,51.08,85,43,5.93
53,Inhambane,MZ,2021-10-21 18:00:35,-23.865,35.3833,70.84,69,32,12.03
54,Salalah,OM,2021-10-21 18:00:35,17.0151,54.0924,76.46,73,36,1.9
55,Airai,TL,2021-10-21 18:00:36,-8.9266,125.4092,64.15,60,77,1.54
56,Ribeira Brava,PT,2021-10-21 18:00:36,32.65,-17.0667,74.01,40,17,6.29
57,Mogadishu,SO,2021-10-21 18:00:11,2.0371,45.3438,79.05,82,86,10.45
58,Vardo,NO,2021-10-21 18:00:37,70.3705,31.1107,37.38,81,40,24.16
59,Vizinga,RU,2021-10-21 18:00:37,61.0749,50.1031,37.76,99,100,7.02
60,Tiksi,RU,2021-10-21 18:00:38,71.6872,128.8694,12.72,95,100,12.33
61,Warkworth,NZ,2021-10-21 18:00:38,-36.4,174.6667,56.91,94,100,22.59
62,Keta,GH,2021-10-21 18:00:39,5.9179,0.9879,81.1,77,92,9.62
63,Almetyevsk,RU,2021-10-21 18:00:39,54.9044,52.3154,36.9,97,100,19.13
64,Fairbanks,US,2021-10-21 17:58:15,64.8378,-147.7164,33.22,82,100,1.99
65,Kaitangata,NZ,2021-10-21 18:00:40,-46.2817,169.8464,38.3,95,18,3.04
66,Bambous Virieux,MU,2021-10-21 18:00:40,-20.3428,57.7575,74.21,81,31,8.14
67,Lasa,IT,2021-10-21 18:00:41,46.6166,10.7002,52.63,82,99,3.15
68,San Policarpo,PH,2021-10-21 18:00:41,12.1791,125.5072,80.82,83,93,8.19
69,Aykhal,RU,2021-10-21 18:00:42,66.0,111.5,18.03,92,50,7.09
70,Mataura,NZ,2021-10-21 18:00:42,-46.1927,168.8643,34.88,99,16,3.04
71,Cape Town,ZA,2021-10-21 18:00:35,-33.9258,18.4232,65.08,58,95,5.99
72,Ancud,CL,2021-10-21 18:00:42,-41.8697,-73.8203,56.43,60,25,9.44
73,Chuy,UY,2021-10-21 18:00:43,-33.6971,-53.4616,66.94,56,4,10.13
74,Bilma,NE,2021-10-21 18:00:43,18.6853,12.9164,88.14,14,5,10.38
75,Guerrero Negro,MX,2021-10-21 18:00:44,27.9769,-114.0611,73.08,65,8,8.34
76,Wattegama,LK,2021-10-21 18:00:44,6.7989,81.4808,76.42,90,67,2.04
77,Kapaa,US,2021-10-21 18:00:45,22.0752,-159.319,78.78,95,36,8.66
78,Tanout,NE,2021-10-21 18:00:45,14.9709,8.8879,94.08,14,8,8.84
79,Qaanaaq,GL,2021-10-21 18:00:45,77.484,-69.3632,1.44,78,19,7.2
80,Talnakh,RU,2021-10-21 18:00:46,69.4865,88.3972,23.79,96,100,3.83
81,San Carlos De Bariloche,AR,2021-10-21 17:59:57,-41.1456,-71.3082,55.15,47,40,26.46
82,Phan Thiet,VN,2021-10-21 17:59:54,10.9333,108.1,77.4,91,99,4.12
83,Krutinka,RU,2021-10-21 18:00:46,56.0055,71.5113,38.28,82,99,14.09
84,Touros,BR,2021-10-21 18:00:47,-5.1989,-35.4608,86.9,62,43,12.26
85,Port Hardy,CA,2021-10-21 18:00:47,50.6996,-127.4199,50.36,90,100,35.7
86,Sungairaya,ID,2021-10-21 18:00:48,0.7,108.9,77.99,87,100,4.38
87,Cabo San Lucas,MX,2021-10-21 17:57:32,22.8909,-109.9124,87.51,64,0,4.0
88,Tilichiki,RU,2021-10-21 18:00:48,60.4667,166.1,2.25,93,55,5.84
89,Ipixuna,BR,2021-10-21 18:00:49,-1.7625,-48.8043,80.55,67,92,6.31
90,Kenai,US,2021-10-21 18:00:49,60.5544,-151.2583,40.08,97,90,6.91
91,Manono,CD,2021-10-21 18:00:50,-7.3,27.4167,73.17,88,67,2.86
92,Faanui,PF,2021-10-21 18:00:50,-16.4833,-151.75,77.36,78,5,6.85
93,Fare,PF,2021-10-21 18:00:50,-16.7,-151.0167,77.27,77,9,6.58
94,Grand Forks,US,2021-10-21 18:00:51,47.9417,-97.4337,40.93,52,40,8.05
95,Brae,GB,2021-10-21 18:00:51,60.3964,-1.353,44.51,67,100,20.89
96,Cabedelo,BR,2021-10-21 18:00:52,-6.9811,-34.8339,82.2,71,99,10.94
97,Marmora,IT,2021-10-21 18:00:52,44.4583,7.094,51.06,68,36,7.05
98,Bluff,NZ,2021-10-21 18:00:53,-46.6,168.3333,40.75,86,7,5.61
99,Esperance,AU,2021-10-21 18:00:53,-33.8667,121.9,56.41,79,57,12.44
100,Verkhoyansk,RU,2021-10-21 18:00:53,67.5447,133.385,13.05,95,100,4.32
101,San Patricio,US,2021-10-21 18:00:54,28.017,-97.5169,86.72,54,27,5.99
102,Nadym,RU,2021-10-21 18:00:54,65.5333,72.5167,29.71,85,34,3.67
103,Saskylakh,RU,2021-10-21 18:00:55,71.9167,114.0833,7.43,97,99,5.41
104,Khilok,RU,2021-10-21 18:00:55,51.3674,110.4676,29.55,78,0,3.58
105,Tortoli,IT,2021-10-21 18:00:55,39.9256,9.6572,68.02,45,95,5.84
106,Carnarvon,AU,2021-10-21 18:00:56,-24.8667,113.6333,65.75,73,0,23.8
107,Krasnyy Chikoy,RU,2021-10-21 18:00:56,50.3643,108.7512,27.79,85,1,3.31
108,Port Lincoln,AU,2021-10-21 17:56:08,-34.7333,135.8667,57.06,85,57,1.39
109,Arlit,NE,2021-10-21 18:00:57,18.7369,7.3853,92.55,11,1,6.82
110,San Rafael,AR,2021-10-21 18:00:37,-34.6177,-68.3301,78.46,20,0,8.79
111,Padang,ID,2021-10-21 18:00:57,-0.9492,100.3543,77.52,87,99,3.31
112,Kavaratti,IN,2021-10-21 18:00:58,10.5669,72.642,82.02,78,79,10.51
113,Khandagayty,RU,2021-10-21 18:00:58,50.7333,92.05,29.97,72,32,4.29
114,Dikson,RU,2021-10-21 18:00:59,73.5069,80.5464,22.71,72,95,9.17
115,Bathsheba,BB,2021-10-21 18:00:59,13.2167,-59.5167,83.95,68,46,22.35
116,Poya,NC,2021-10-21 18:01:00,-21.35,165.15,66.52,89,100,5.08
117,Mosquera,CO,2021-10-21 18:01:00,4.7059,-74.2302,59.47,85,70,5.19
118,Krasnozerskoye,RU,2021-10-21 18:01:00,53.9828,79.2374,46.38,60,100,8.55
119,Yar-Sale,RU,2021-10-21 18:01:01,66.8333,70.8333,28.49,92,40,5.3
120,Charters Towers,AU,2021-10-21 18:01:02,-20.1,146.2667,71.67,90,61,7.43
121,Yellowknife,CA,2021-10-21 18:01:03,62.456,-114.3525,43.41,78,5,18.01
122,Victoria,HK,2021-10-21 17:56:16,22.2855,114.1577,68.32,81,100,1.01
123,Cabras,IT,2021-10-21 18:01:03,39.93,8.5314,66.04,83,68,5.68
124,Mpanda,TZ,2021-10-21 18:01:04,-6.3655,31.0409,79.79,41,95,5.73
125,Waingapu,ID,2021-10-21 18:01:04,-9.6567,120.2641,79.34,79,74,3.49
126,Magadan,RU,2021-10-21 18:01:05,59.5667,150.8,16.27,42,27,4.09
127,Barbate,ES,2021-10-21 17:59:29,36.1924,-5.9219,75.06,68,13,10.65
128,Iqaluit,CA,2021-10-21 18:00:14,63.7506,-68.5145,34.7,64,99,6.13
129,Vagur,FO,2021-10-21 18:01:06,61.4732,-6.8119,42.82,60,98,22.84
130,Hilo,US,2021-10-21 18:00:07,19.7297,-155.09,78.28,75,0,1.63
131,Bida,NG,2021-10-21 18:01:06,9.0833,6.0167,83.17,67,14,3.15
132,Nikolskoye,RU,2021-10-21 18:01:06,59.7035,30.7861,54.88,92,100,11.23
133,Lompoc,US,2021-10-21 18:01:07,34.6391,-120.4579,74.01,71,97,5.99
134,Srednekolymsk,RU,2021-10-21 18:01:07,67.45,153.6833,-11.74,100,79,1.7
135,Mokhsogollokh,RU,2021-10-21 18:01:08,61.4681,128.9203,33.55,98,100,9.51
136,Sandwick,GB,2021-10-21 18:01:08,60.0,-1.25,44.42,70,40,17.27
137,Shizunai,JP,2021-10-21 18:01:09,42.3339,142.3669,41.9,87,14,13.69
138,Kushima,JP,2021-10-21 18:01:09,31.4583,131.2333,59.11,90,100,6.73
139,New Norfolk,AU,2021-10-21 18:01:09,-42.7826,147.0587,58.5,70,97,1.01
140,High Level,CA,2021-10-21 18:01:10,58.5169,-117.136,39.18,56,33,7.61
141,Nanortalik,GL,2021-10-21 18:01:10,60.1432,-45.2371,41.97,38,97,7.02
142,Santa Ines,BR,2021-10-21 18:01:11,-3.6667,-45.38,89.55,52,88,3.8
143,Bredasdorp,ZA,2021-10-21 18:01:11,-34.5322,20.0403,62.28,80,79,3.0
144,Arraial Do Cabo,BR,2021-10-21 18:01:11,-22.9661,-42.0278,67.42,66,41,11.03
145,Asfi,MA,2021-10-21 18:01:12,32.2994,-9.2372,69.22,80,26,17.67
146,Vao,NC,2021-10-21 18:01:12,-22.6667,167.4833,70.39,83,100,9.98
147,Leningradskiy,RU,2021-10-21 18:01:13,69.3833,178.4167,16.65,89,100,17.83
148,Souillac,MU,2021-10-21 18:01:13,-20.5167,57.5167,74.35,81,71,7.99
149,Bonthe,SL,2021-10-21 18:01:14,7.5264,-12.505,81.09,78,100,9.86
150,Zhezkazgan,KZ,2021-10-21 18:01:14,47.8043,67.7144,36.18,74,96,11.32
151,Saint-Joseph,RE,2021-10-21 18:01:15,-21.3667,55.6167,71.98,76,20,2.37
152,Tuktoyaktuk,CA,2021-10-21 18:01:15,69.4541,-133.0374,27.1,87,100,6.64
153,Port Elizabeth,ZA,2021-10-21 18:01:15,-33.918,25.5701,67.1,88,40,10.36
154,Davila,PH,2021-10-21 18:01:16,18.4726,120.5763,80.28,84,83,10.02
155,Ponta Do Sol,PT,2021-10-21 18:01:16,32.6667,-17.1,74.01,40,20,5.75
156,Halifax,CA,2021-10-21 18:00:58,44.6453,-63.5724,62.69,62,28,4.0
157,Hithadhoo,MV,2021-10-21 18:01:17,-0.6,73.0833,81.79,75,60,9.17
158,Hirara,JP,2021-10-21 18:01:17,24.8,125.2833,76.41,82,100,27.29
159,Kavieng,PG,2021-10-21 18:01:18,-2.5744,150.7967,80.02,82,100,9.82
160,Leshukonskoye,RU,2021-10-21 18:01:19,64.8989,45.7622,29.73,95,97,4.41
161,Ghanzi,BW,2021-10-21 18:01:20,-21.5667,21.7833,70.16,57,69,8.99
162,Katsuura,JP,2021-10-21 18:01:20,35.1333,140.3,58.1,86,100,9.26
163,Cotonou,BJ,2021-10-21 18:01:21,6.3654,2.4183,80.69,77,89,7.43
164,Castro,BR,2021-10-21 18:01:21,-24.7911,-50.0119,68.63,48,87,2.53
165,Codrington,AU,2021-10-21 18:01:22,-38.2667,141.9667,54.05,96,62,2.42
166,Beterou,BJ,2021-10-21 18:01:22,9.1992,2.2586,81.46,69,73,4.16
167,Sabzevar,IR,2021-10-21 17:59:25,36.2126,57.6819,52.11,49,48,8.97
168,Minab,IR,2021-10-21 18:01:23,27.1467,57.0801,83.7,73,0,1.36
169,Bhayavadar,IN,2021-10-21 18:01:23,21.85,70.25,74.91,64,2,6.06
170,Charlestown,AU,2021-10-21 18:01:24,-32.95,151.6667,60.42,97,85,3.58
171,Mar Del Plata,AR,2021-10-21 18:01:24,-38.0023,-57.5575,61.88,90,16,18.99
172,Saint-Philippe,RE,2021-10-21 18:01:25,-21.3585,55.7679,72.99,76,34,4.63
173,Kenora,CA,2021-10-21 18:00:09,49.8167,-94.4337,37.38,51,39,6.46
174,Vila Franca Do Campo,PT,2021-10-21 18:01:25,37.7167,-25.4333,70.21,68,81,3.27
175,Houma,US,2021-10-21 18:01:25,29.5958,-90.7195,89.01,68,40,0.0
176,Batagay,RU,2021-10-21 18:01:26,67.6333,134.6333,12.29,93,100,5.91
177,Dandong,CN,2021-10-21 18:00:24,40.1292,124.3947,41.09,64,55,5.48
178,Asbe Teferi,ET,2021-10-21 18:01:26,9.0833,40.8667,63.95,42,96,5.93
179,Byron Bay,AU,2021-10-21 18:01:27,-28.65,153.6167,65.88,91,55,3.94
180,Pudozh,RU,2021-10-21 18:01:27,61.8099,36.5345,44.22,91,86,7.56
181,Almeria,ES,2021-10-21 18:01:28,37.1667,-2.3333,71.44,57,77,1.66
182,Tambopata,PE,2021-10-21 18:01:28,-12.7333,-69.1833,103.12,24,26,2.62
183,Tocopilla,CL,2021-10-21 18:01:29,-22.092,-70.1979,67.01,62,18,8.05
184,Sinnamary,GF,2021-10-21 18:01:29,5.3833,-52.95,82.15,77,100,10.56
185,Clarence Town,AU,2021-10-21 18:01:30,-32.5833,151.7833,60.57,97,73,2.13
186,Butaritari,KI,2021-10-21 18:01:30,3.0707,172.7902,82.26,77,73,15.95
187,Saint-Augustin,CA,2021-10-21 17:58:29,51.226,-58.6502,47.64,48,69,15.86
188,Saldanha,ZA,2021-10-21 18:01:31,-33.0117,17.9442,58.86,88,99,20.98
189,Tambura,SS,2021-10-21 18:01:31,5.6,27.4667,70.48,93,100,3.0
190,Derzhavinsk,KZ,2021-10-21 18:01:31,51.1,66.3167,34.77,66,92,12.12
191,Geraldton,AU,2021-10-21 18:01:32,-28.7667,114.6,57.61,88,90,4.61
192,Deputatskiy,RU,2021-10-21 18:01:32,69.3,139.9,-0.89,99,100,3.42
193,Meulaboh,ID,2021-10-21 18:01:33,4.1363,96.1285,77.0,87,98,2.93
194,Chokurdakh,RU,2021-10-21 18:01:33,70.6333,147.9167,-14.04,96,89,4.12
195,Denpasar,ID,2021-10-21 18:01:34,-8.65,115.2167,80.26,94,75,6.91
196,Clyde River,CA,2021-10-21 18:01:34,70.4692,-68.5914,22.19,84,90,2.71
197,Port Alfred,ZA,2021-10-21 18:01:35,-33.5906,26.891,70.41,79,58,12.66
198,Mount Isa,AU,2021-10-21 18:00:10,-20.7333,139.5,69.57,68,0,1.14
199,Bandar,ID,2021-10-21 18:01:35,2.05,99.75,72.72,98,100,2.48
200,Russell,US,2021-10-21 18:01:36,32.3502,-85.1999,77.97,73,90,6.91
201,Sitka,US,2021-10-21 17:58:57,57.0531,-135.33,47.75,83,91,5.95
202,Polyarnyy,RU,2021-10-21 18:01:36,69.1989,33.4478,30.67,71,97,23.11
203,Manuk Mangkaw,PH,2021-10-21 18:01:37,4.8,119.85,83.16,77,87,7.47
204,Emerald,AU,2021-10-21 18:01:38,-23.5333,148.1667,72.99,59,14,11.3
205,Tura,IN,2021-10-21 18:01:38,25.5198,90.2201,67.37,95,50,0.98
206,Yunhe,CN,2021-10-21 18:01:38,34.0833,119.7167,48.97,83,25,7.31
207,Lavrentiya,RU,2021-10-21 18:01:39,65.5833,-171.0,23.68,92,95,4.9
208,Acacias,CO,2021-10-21 18:01:39,3.987,-73.758,82.29,68,83,5.7
209,Ampanihy,MG,2021-10-21 18:01:40,-24.7,44.75,62.87,77,46,8.59
210,Jatiroto,ID,2021-10-21 18:01:40,-7.8833,111.1167,76.32,87,90,2.48
211,Sandy Bay,AU,2021-10-21 18:01:41,-42.913,147.3532,58.89,82,75,8.05
212,Kennett,US,2021-10-21 18:01:41,36.2362,-90.0556,71.55,41,1,16.11
213,San Ramon,US,2021-10-21 18:01:38,37.7799,-121.978,69.84,94,75,3.0
214,Jasper,US,2021-10-21 18:01:42,37.2001,-94.3502,62.28,51,5,3.0
215,Mocuba,MZ,2021-10-21 18:01:42,-16.8392,36.9856,71.67,67,56,8.03
216,Santa Isabel Do Rio Negro,BR,2021-10-21 18:01:42,-0.4139,-65.0192,74.08,99,100,3.02
217,Berbera,SO,2021-10-21 18:01:43,10.4396,45.0143,86.38,52,95,3.71
218,Skibbereen,IE,2021-10-21 18:01:43,51.55,-9.2667,49.8,75,59,8.68
219,Longyearbyen,SJ,2021-10-21 18:01:44,78.2186,15.6401,13.84,73,40,9.22
220,Torbay,CA,2021-10-21 18:00:09,47.6666,-52.7314,53.28,75,97,15.99
221,Adrar,MR,2021-10-21 18:01:44,20.5022,-10.0711,81.66,10,26,11.1
222,Orcopampa,PE,2021-10-21 18:01:45,-15.2661,-72.3417,65.44,17,11,8.03
223,Port Macquarie,AU,2021-10-21 18:01:45,-31.4333,152.9167,56.89,100,83,0.0
224,Badou,TG,2021-10-21 18:01:46,7.5833,0.6,75.7,89,77,3.36
225,Mahebourg,MU,2021-10-21 18:01:46,-20.4081,57.7,74.25,81,28,8.57
226,Morehead,US,2021-10-21 18:01:47,37.2711,-87.1764,74.86,45,1,7.0
227,Sayyan,YE,2021-10-21 18:01:47,15.1718,44.3244,60.66,27,54,12.82
228,Flin Flon,CA,2021-10-21 18:00:21,54.7682,-101.865,37.15,39,83,4.88
229,Seoul,KR,2021-10-21 18:00:12,37.5683,126.9778,45.84,49,1,2.35
230,Sao Geraldo Do Araguaia,BR,2021-10-21 18:01:48,-6.4006,-48.555,92.79,45,71,1.14
231,Griffith,US,2021-10-21 18:01:48,41.5284,-87.4237,52.92,77,90,1.01
232,Narsaq,GL,2021-10-21 18:01:48,60.9167,-46.05,32.22,36,98,3.83
233,Eureka,US,2021-10-21 17:59:52,40.8021,-124.1637,67.19,73,94,14.56
234,Pacific Grove,US,2021-10-21 18:00:31,36.6177,-121.9166,70.57,89,94,1.99
235,Aksarka,RU,2021-10-21 18:01:49,66.5606,67.7975,27.39,83,44,5.3
236,Kilimatinde,TZ,2021-10-21 18:01:50,-5.85,34.95,80.31,31,81,9.57
237,Tongchuan,CN,2021-10-21 18:01:50,35.0806,109.0897,46.69,55,60,3.98
238,Saint-Georges,GD,2021-10-21 17:58:39,12.0564,-61.7485,87.48,66,20,24.16
239,Bandar-E Lengeh,IR,2021-10-21 18:01:51,26.5579,54.8807,84.94,61,0,1.92
240,Zawadzkie,PL,2021-10-21 18:01:51,50.605,18.4847,56.57,57,93,14.45
241,Fortuna,US,2021-10-21 18:01:51,40.5982,-124.1573,66.92,66,40,8.01
242,Sri Aman,MY,2021-10-21 18:01:52,1.2376,111.4621,72.86,99,99,1.12
243,Taoudenni,ML,2021-10-21 18:01:52,22.6783,-3.9836,84.54,21,3,9.53
244,Garden City,US,2021-10-21 18:00:00,42.3256,-83.331,66.45,70,73,5.99
245,Broome,US,2021-10-21 18:01:53,42.2506,-75.833,72.01,60,74,1.99
246,Savyntsi,UA,2021-10-21 18:01:53,49.4026,37.0627,54.64,51,100,17.2
247,Mitu,CO,2021-10-21 18:01:53,1.1983,-70.1733,90.7,48,100,1.21
248,Helong,CN,2021-10-21 18:01:54,42.5397,128.9972,31.75,71,46,3.36
249,Pemberton,CA,2021-10-21 18:01:55,50.3164,-122.8027,51.94,86,100,2.19
250,Buchanan,LR,2021-10-21 18:01:55,5.8808,-10.0467,78.76,86,99,9.31
251,Jinka,ET,2021-10-21 18:01:55,5.65,36.65,68.77,60,100,1.72
252,Namatanai,PG,2021-10-21 18:01:56,-3.6667,152.4333,78.21,84,45,5.66
253,Juba,SS,2021-10-21 18:00:33,4.8517,31.5825,74.14,85,95,3.51
254,Rapid Valley,US,2021-10-21 18:01:56,44.0625,-103.1463,62.06,77,1,1.99
255,Todos Santos,MX,2021-10-21 18:01:57,23.45,-110.2167,87.01,78,0,6.55
256,Bela,IN,2021-10-21 18:01:57,25.9333,81.9833,71.76,59,1,7.14
257,Muravlenko,RU,2021-10-21 18:01:58,63.7898,74.523,26.6,97,60,6.02
258,Akdepe,TM,2021-10-21 18:01:58,42.0551,59.3788,41.0,43,24,4.05
259,Chama,CH,2021-10-21 18:01:59,47.1821,8.4636,57.38,57,24,1.01
260,Port Keats,AU,2021-10-21 18:01:59,-14.25,129.55,82.89,81,70,10.04
261,Otjimbingwe,NA,2021-10-21 18:01:59,-22.35,16.1333,66.07,40,24,13.27
262,Pevek,RU,2021-10-21 18:02:00,69.7008,170.3133,13.23,89,100,14.83
263,Battle Creek,US,2021-10-21 18:01:17,42.3212,-85.1797,58.37,37,60,14.56
264,San Quintin,MX,2021-10-21 18:02:01,30.4833,-115.95,70.99,59,2,8.68
265,Codo,BR,2021-10-21 18:02:01,-4.4553,-43.8856,92.23,49,88,2.98
266,Mangaratiba,BR,2021-10-21 18:00:13,-22.9597,-44.0406,67.1,80,48,7.18
267,Noumea,NC,2021-10-21 18:00:04,-22.2763,166.4572,73.38,99,100,8.43
268,Xihe,CN,2021-10-21 18:02:02,31.6864,113.4659,55.26,75,100,3.53
269,Ziro,IN,2021-10-21 18:02:03,27.6333,93.8333,53.89,98,96,1.79
270,Sabinas,MX,2021-10-21 18:00:41,27.85,-101.1167,77.07,75,97,5.7
271,Mangaluru,IN,2021-10-21 18:02:04,12.8667,74.8833,74.26,94,90,0.0
272,Pangnirtung,CA,2021-10-21 18:02:05,66.1451,-65.7125,33.19,66,90,5.08
273,Zeya,RU,2021-10-21 18:02:05,53.75,127.2667,30.88,71,61,2.37
274,Bubaque,GW,2021-10-21 18:02:05,11.2833,-15.8333,83.1,73,97,7.96
275,Qasigiannguit,GL,2021-10-21 18:02:06,68.8193,-51.1922,28.65,96,88,2.57
276,Eyl,SO,2021-10-21 18:02:06,7.9803,49.8164,78.64,81,82,9.53
277,Novoagansk,RU,2021-10-21 18:02:07,61.9449,76.6625,37.6,88,100,4.61
278,Wuwei,CN,2021-10-21 18:02:07,37.9281,102.6414,45.37,37,99,4.59
279,Abha,SA,2021-10-21 18:02:08,18.2164,42.5053,64.71,26,30,9.4
280,Coihaique,CL,2021-10-21 18:02:08,-45.5752,-72.0662,54.32,45,67,8.55
281,Kasongo-Lunda,CD,2021-10-21 18:02:09,-6.4667,16.8167,73.47,93,69,2.55
282,Kununurra,AU,2021-10-21 18:02:09,-15.7667,128.7333,82.38,89,23,4.61
283,Vestmannaeyjar,IS,2021-10-21 18:02:10,63.4427,-20.2734,43.79,87,75,6.91
284,Acuitzio,MX,2021-10-21 18:02:10,20.345,-101.9771,77.59,44,43,6.53
285,Eregli,TR,2021-10-21 18:02:11,37.5133,34.0467,51.89,36,0,0.2
286,Vostok,RU,2021-10-21 18:02:11,46.4856,135.8833,20.73,85,65,4.99
287,Araouane,ML,2021-10-21 18:02:11,18.9048,-3.5265,83.23,19,22,8.57
288,Los Llanos De Aridane,ES,2021-10-21 18:02:12,28.6585,-17.9182,71.35,73,20,13.8
289,Bani Walid,LY,2021-10-21 18:02:12,31.7566,13.9942,70.83,54,98,8.41
290,Port-Cartier,CA,2021-10-21 18:02:13,50.0334,-66.8654,51.75,80,99,3.31
291,Yulara,AU,2021-10-21 18:02:13,-25.2406,130.9889,67.33,23,0,7.72
292,Sao Joao Da Barra,BR,2021-10-21 18:02:14,-21.6403,-41.0511,67.46,78,93,7.58
293,Caravelas,BR,2021-10-21 18:02:14,-17.7125,-39.2481,74.5,89,92,11.79
294,Buluang,PH,2021-10-21 18:02:15,13.3068,123.3425,76.35,94,99,3.8
295,Banda Aceh,ID,2021-10-21 18:02:15,5.5577,95.3222,79.11,80,86,2.17
296,Krasnoselkup,RU,2021-10-21 18:02:15,65.7,82.4667,33.67,99,100,3.58
297,Adre,TD,2021-10-21 18:02:16,13.4667,22.2,82.72,24,100,7.16
298,Altamont,US,2021-10-21 18:02:16,42.2068,-121.7372,57.88,63,1,11.99
299,La Huacana,MX,2021-10-21 18:02:17,18.9667,-101.8167,85.12,63,41,3.42
300,Valenca,BR,2021-10-21 18:02:17,-13.3703,-39.0731,75.99,92,93,4.97
301,Great Bend,US,2021-10-21 18:01:47,38.3645,-98.7648,66.85,50,1,3.0
302,Challans,FR,2021-10-21 18:02:18,46.8436,-1.8749,57.96,83,22,9.64
303,Chara,RU,2021-10-21 18:02:18,56.9064,118.2631,29.98,74,81,2.35
304,Buin,CL,2021-10-21 18:02:19,-33.7333,-70.75,68.7,27,0,9.95
305,Makokou,GA,2021-10-21 18:02:19,0.5738,12.8642,70.93,95,66,1.48
306,Margate,GB,2021-10-21 18:02:20,51.3813,1.3862,49.69,62,29,1.99
307,Iquique,CL,2021-10-21 18:02:20,-20.2208,-70.1431,66.16,67,35,8.19
308,Marsaxlokk,MT,2021-10-21 18:02:20,35.8419,14.5431,73.08,83,20,6.91
309,Rio Gallegos,AR,2021-10-21 18:02:21,-51.6226,-69.2181,54.66,36,43,31.25
310,Barcelona,ES,2021-10-21 18:00:48,41.3888,2.159,67.78,80,75,1.99
311,Magway,MM,2021-10-21 18:02:21,20.15,94.9167,76.53,88,97,6.67
312,Hambantota,LK,2021-10-21 18:02:22,6.1241,81.1185,79.61,85,44,10.65
313,Vila Velha,BR,2021-10-21 17:58:46,-20.3297,-40.2925,73.35,68,90,11.5
314,Warrington,GB,2021-10-21 18:01:18,53.3925,-2.5802,50.99,77,40,1.01
315,Zhigansk,RU,2021-10-21 18:02:22,66.7697,123.3711,32.32,81,98,20.71
316,Hasaki,JP,2021-10-21 18:02:23,35.7333,140.8333,55.8,63,92,10.58
317,Pasighat,IN,2021-10-21 18:02:24,28.0667,95.3333,69.67,98,64,2.24
318,Bambanglipuro,ID,2021-10-21 18:02:24,-7.95,110.2833,63.61,87,100,6.62
319,Salvador,SV,2021-10-21 18:02:24,13.8333,-88.9167,82.8,63,46,1.41
320,Altay,CN,2021-10-21 18:02:25,47.8667,88.1167,41.88,40,15,9.86
321,Porto Santo,PT,2021-10-21 18:02:25,33.072,-16.3415,71.98,60,20,12.66
322,Upata,VE,2021-10-21 18:02:26,8.0086,-62.3989,82.18,78,98,7.18
323,Ystad,SE,2021-10-21 18:02:26,55.4297,13.8204,48.94,69,49,28.66
324,Grand Gaube,MU,2021-10-21 18:02:27,-20.0064,57.6608,74.37,81,17,5.01
325,Oranjestad,AW,2021-10-21 18:01:31,12.524,-70.027,83.44,77,10,20.02
326,Faya,SA,2021-10-21 18:02:27,18.3851,42.4509,64.69,23,24,9.91
327,Matagami,CA,2021-10-21 18:02:28,49.7502,-77.6328,33.91,93,90,2.3
328,Burnie,AU,2021-10-21 18:02:28,-41.0667,145.9167,57.94,91,100,12.21
329,Khash,IR,2021-10-21 18:02:28,28.2211,61.2158,66.45,25,0,3.78
330,Gunjur,GM,2021-10-21 18:02:29,13.2019,-16.7339,89.67,74,40,11.5
331,Mwinilunga,ZM,2021-10-21 18:02:29,-11.7358,24.4293,74.21,47,98,4.0
332,Port Blair,IN,2021-10-21 18:02:30,11.6667,92.75,80.38,82,97,1.25
333,Novobirilyussy,RU,2021-10-21 18:02:30,56.9514,90.6661,40.06,65,78,6.08
334,Buloh Kasap,MY,2021-10-21 18:02:30,2.5536,102.764,75.6,94,97,0.87
335,Ulaanbaatar,MN,2021-10-21 17:58:43,47.9077,106.8832,21.33,68,0,0.0
336,Alghero,IT,2021-10-21 18:02:31,40.5589,8.3181,68.09,94,40,5.75
337,Itoman,JP,2021-10-21 18:02:32,26.1247,127.6694,71.62,88,75,16.11
338,Te Anau,NZ,2021-10-21 18:02:32,-45.4167,167.7167,38.77,95,32,1.05
339,Tabou,CI,2021-10-21 18:02:32,4.423,-7.3528,78.48,85,99,7.63
340,Vrangel,RU,2021-10-21 18:02:33,42.7297,133.0839,39.83,59,5,7.02
341,Flinders,AU,2021-10-21 18:02:33,-34.5833,150.8552,63.18,88,98,1.01
342,Kibala,TD,2021-10-21 18:02:34,9.1104,18.3463,72.46,88,79,3.98
343,Shakawe,BW,2021-10-21 18:02:34,-18.3667,21.85,71.78,66,80,3.74
344,Dovbysh,UA,2021-10-21 18:02:35,50.3733,27.9874,57.69,57,75,16.17
345,Imperia,IT,2021-10-21 18:02:35,43.9667,7.7833,60.8,79,75,6.13
346,Coquimbo,CL,2021-10-21 18:01:15,-29.9533,-71.3436,60.82,71,1,8.81
347,Pokhara,NP,2021-10-21 18:02:36,28.2333,83.9833,65.01,92,46,3.06
348,Troitsko-Pechorsk,RU,2021-10-21 18:02:36,62.7084,56.1964,30.34,95,100,12.15
349,Sambava,MG,2021-10-21 18:02:36,-14.2667,50.1667,72.57,88,14,3.65
350,Mayo,US,2021-10-21 18:02:37,38.8876,-76.5119,80.08,63,29,3.0
351,Lata,PT,2021-10-21 18:02:37,40.1629,-8.3327,61.03,71,0,8.01
352,Hakodate,JP,2021-10-21 18:01:41,41.7758,140.7367,42.82,81,8,5.75
353,Labuhan,ID,2021-10-21 18:02:38,-6.8844,112.2051,80.85,75,93,2.55
354,Almeirim,BR,2021-10-21 18:02:38,-1.5233,-52.5817,92.82,45,77,2.42
355,Leh,IN,2021-10-21 17:58:07,34.1667,77.5833,42.8,33,0,5.03
356,Aksarayskiy,RU,2021-10-21 18:02:39,46.7924,48.0119,42.75,39,60,13.2
357,Necochea,AR,2021-10-21 18:02:39,-38.5473,-58.7368,85.03,49,20,13.04
358,Ribeira Grande,PT,2021-10-21 18:02:40,38.5167,-28.7,72.0,73,75,3.44
359,Imst,AT,2021-10-21 18:02:40,47.2684,10.6698,37.0,88,93,3.47
360,Moryakovskiy Zaton,RU,2021-10-21 18:02:40,56.6956,84.6467,46.11,80,98,5.28
361,Taywarah,AF,2021-10-21 18:02:41,33.35,64.4167,43.74,34,31,3.2
362,Katobu,ID,2021-10-21 18:02:42,-4.9408,122.5276,75.74,91,70,2.62
363,Portland,US,2021-10-21 17:59:32,45.5234,-122.6762,67.6,61,100,1.01
364,Half Moon Bay,US,2021-10-21 18:02:42,37.4636,-122.4286,70.77,92,90,13.8
365,Maniitsoq,GL,2021-10-21 18:02:43,65.4167,-52.9,32.72,42,82,6.15
366,Mnogovershinnyy,RU,2021-10-21 18:02:43,53.9353,139.9242,23.61,95,100,4.7
367,Jackson,US,2021-10-21 18:02:44,42.4165,-122.8345,69.04,52,20,0.0
368,Fukue,JP,2021-10-21 18:02:44,32.6881,128.8419,64.47,60,100,19.15
369,Henties Bay,NA,2021-10-21 18:02:44,-22.116,14.2845,61.86,89,2,1.95
370,Cockburn Town,TC,2021-10-21 18:02:45,21.4612,-71.1419,82.18,77,11,15.39
371,Knysna,ZA,2021-10-21 18:02:45,-34.0363,23.0471,64.78,94,85,5.7
372,Kahului,US,2021-10-21 18:02:46,20.8947,-156.47,77.85,79,0,5.01
373,Eskisehir,TR,2021-10-21 18:01:54,39.7767,30.5206,54.07,44,0,7.52
374,Kirakira,SB,2021-10-21 18:02:46,-10.4544,161.9205,79.72,84,100,7.02
375,Alyangula,AU,2021-10-21 18:02:47,-13.8483,136.4192,82.27,78,40,5.75
376,Asau,RO,2021-10-21 18:02:47,46.4333,26.4,52.72,54,77,6.89
377,Yelizovo,RU,2021-10-21 18:02:48,53.1873,158.3805,19.96,72,7,8.41
378,Ornskoldsvik,SE,2021-10-21 18:02:48,63.2909,18.7153,39.02,100,90,8.05
379,Cooma,AU,2021-10-21 18:02:49,-36.2333,149.1333,53.37,93,90,5.75
380,Pinotepa Nacional,MX,2021-10-21 18:02:49,16.3167,-98.0167,86.16,63,91,5.55
381,Dingle,PH,2021-10-21 18:02:50,10.9995,122.6711,75.94,93,100,5.5
382,Tupa,BR,2021-10-21 18:02:50,-21.9347,-50.5136,82.15,32,0,8.84
383,Saint-Leu,RE,2021-10-21 18:02:50,-21.15,55.2833,72.46,72,2,2.73
384,Havre-Saint-Pierre,CA,2021-10-21 18:02:51,50.2334,-63.5986,48.47,71,98,2.57
385,Wajir,KE,2021-10-21 18:02:51,1.7471,40.0573,85.33,50,88,16.4
386,La Rioja,ES,2021-10-21 17:59:09,42.25,-2.5,53.38,81,96,3.89
387,Redding,US,2021-10-21 18:02:52,40.5865,-122.3917,60.21,95,90,1.01
388,Benghazi,LY,2021-10-21 18:02:52,32.1167,20.0667,71.22,60,30,10.33
389,La Ronge,CA,2021-10-21 18:02:53,55.1001,-105.2842,36.93,50,93,9.66
390,Saint Anthony,US,2021-10-21 18:02:53,45.0205,-93.218,49.93,62,1,1.99
391,Komsomolskiy,UZ,2021-10-21 18:02:53,40.4272,71.7189,54.32,54,89,16.11
392,Sorong,ID,2021-10-21 18:02:54,-0.8833,131.25,81.1,77,100,6.08
393,Bilibino,RU,2021-10-21 18:02:54,68.0546,166.4372,-1.75,99,100,2.51
394,Antsohihy,MG,2021-10-21 18:02:55,-14.8796,47.9875,77.67,76,3,6.06
395,El Puerto De Santa Maria,ES,2021-10-21 18:02:55,36.5939,-6.233,73.62,71,0,13.8
396,Cherskiy,RU,2021-10-21 18:02:55,68.75,161.3,5.18,97,100,5.64
397,Cidreira,BR,2021-10-21 18:02:56,-30.1811,-50.2056,68.4,67,51,13.51
398,Vilhena,BR,2021-10-21 18:02:56,-12.7406,-60.1458,84.47,58,75,2.24
399,Tabas,IR,2021-10-21 18:02:57,33.5959,56.9244,64.11,36,2,13.73
400,Isangel,VU,2021-10-21 18:02:57,-19.55,169.2667,73.8,88,100,1.01
401,Naze,JP,2021-10-21 18:02:58,28.3667,129.4833,68.13,76,100,16.8
402,Locri,IT,2021-10-21 18:02:58,38.2414,16.2623,69.82,68,0,5.12
403,Chapada Dos Guimaraes,BR,2021-10-21 18:00:12,-15.4606,-55.7497,86.68,38,71,0.81
404,Kushiro,JP,2021-10-21 17:58:06,42.975,144.3747,42.98,91,96,12.59
405,Myitkyina,MM,2021-10-21 18:02:59,25.3833,97.4,71.06,100,100,0.89
406,Pilar,BR,2021-10-21 18:02:59,-9.5972,-35.9567,85.93,56,77,16.37
407,Bonavista,CA,2021-10-21 18:03:00,48.6499,-53.1147,54.12,81,100,26.53
408,Kintinku,TZ,2021-10-21 18:03:00,-5.8833,35.2333,82.29,35,86,13.49
409,Tchollire,CM,2021-10-21 18:03:01,8.4022,14.1698,71.98,89,84,3.15
410,Minot,US,2021-10-21 18:03:02,48.2325,-101.2963,43.02,56,20,9.22
411,Luanda,AO,2021-10-21 18:02:14,-8.8368,13.2343,77.0,83,20,9.22
412,Amapa,BR,2021-10-21 18:03:03,1.0,-52.0,89.65,48,66,1.48
413,Olot,ES,2021-10-21 18:03:04,42.181,2.4901,63.21,65,87,2.35
414,Raga,SS,2021-10-21 18:03:04,8.4596,25.678,72.05,89,100,2.39
415,Hofn,IS,2021-10-21 18:03:05,64.2539,-15.2082,35.17,62,3,15.9
416,Mangrol,IN,2021-10-21 18:03:05,21.1167,70.1167,79.07,64,3,9.75
417,Vanavara,RU,2021-10-21 18:03:06,60.34,102.2797,32.05,92,83,5.21
418,Paraiso,CR,2021-10-21 18:03:06,9.8383,-83.8656,75.42,73,83,3.62
419,Terney,RU,2021-10-21 18:03:07,45.0503,136.6092,34.23,69,9,7.52
420,Okhotsk,RU,2021-10-21 18:03:07,59.3833,143.3,14.16,72,15,7.49
421,Lamu,KE,2021-10-21 18:03:07,-2.2717,40.902,79.02,82,10,10.4
422,Brockville,CA,2021-10-21 18:00:28,44.5834,-75.6826,65.91,88,100,5.01
423,Karratha,AU,2021-10-21 18:03:08,-20.7377,116.8463,75.33,64,0,3.0
424,Tombouctou,ML,2021-10-21 18:03:08,20.0,-3.0,82.35,19,7,7.72
425,Martyush,RU,2021-10-21 18:03:09,56.4,61.8819,29.28,83,48,10.29
426,Zhangye,CN,2021-10-21 18:03:09,38.9342,100.4517,50.07,24,100,6.22
427,Bang Saphan,TH,2021-10-21 18:03:10,11.2126,99.5117,76.08,94,83,4.23
428,Loudi,CN,2021-10-21 18:03:10,27.7344,111.9944,52.83,89,100,2.04
429,Rondonopolis,BR,2021-10-21 18:03:10,-16.4708,-54.6356,93.88,37,94,9.17
430,Eirunepe,BR,2021-10-21 18:03:11,-6.6603,-69.8736,84.16,66,100,1.25
431,Ponta Delgada,PT,2021-10-21 18:03:11,37.7333,-25.6667,70.52,64,20,5.75
432,Bac Lieu,VN,2021-10-21 18:03:12,9.285,105.7244,79.56,83,100,3.24
433,Trairi,BR,2021-10-21 18:00:55,-3.2778,-39.2689,86.11,58,96,11.79
434,Sisimiut,GL,2021-10-21 18:03:12,66.9395,-53.6735,30.2,81,52,12.66
435,Vanimo,PG,2021-10-21 18:03:13,-2.6741,141.3028,76.23,89,99,3.76
436,Sesheke,ZM,2021-10-21 18:03:13,-17.4759,24.2968,81.19,33,100,4.65
437,Ndele,CF,2021-10-21 18:03:14,8.4109,20.6473,72.0,91,94,1.28
438,Bokoro,TD,2021-10-21 18:03:14,12.3807,17.0568,90.09,39,34,3.38
439,Dunmore East,IE,2021-10-21 18:03:14,52.1514,-6.9861,49.68,75,9,10.04
440,Agucadoura,PT,2021-10-21 18:03:15,41.4318,-8.7804,61.36,72,0,18.19
441,Nantucket,US,2021-10-21 18:03:15,41.2835,-70.0995,73.96,79,1,13.8
442,Harper,LR,2021-10-21 18:03:16,4.375,-7.7169,78.33,86,92,8.7
443,Santa Luzia,BR,2021-10-21 18:03:16,-19.7697,-43.8514,74.3,74,98,6.22
444,Natchez,US,2021-10-21 18:03:16,31.5604,-91.4032,83.89,72,75,3.44
445,Arrifes,PT,2021-10-21 18:03:17,37.7667,-25.7,68.25,64,20,5.75
446,Middelburg,ZA,2021-10-21 18:03:17,-25.7751,29.4648,68.04,25,61,6.35
447,Rio Grande,BR,2021-10-21 18:00:26,-32.035,-52.0986,70.95,65,32,11.77
448,Aklavik,CA,2021-10-21 18:03:18,68.2191,-135.0107,24.66,86,100,5.75
449,Paita,PE,2021-10-21 18:03:18,-5.0892,-81.1144,72.59,71,79,14.67
450,Kupang,ID,2021-10-21 18:01:10,-10.1667,123.5833,79.92,84,99,5.19
451,Shenjiamen,CN,2021-10-21 18:03:19,29.9576,122.298,61.9,67,94,20.69
452,Anadyr,RU,2021-10-21 18:01:11,64.75,177.4833,14.65,94,98,8.32
453,Saint-Pierre,RE,2021-10-21 18:03:20,-21.3393,55.4781,73.08,72,20,4.61
454,Chicama,PE,2021-10-21 18:03:20,-7.8447,-79.1469,75.78,58,31,11.21
455,Manacapuru,BR,2021-10-21 18:03:20,-3.2997,-60.6206,73.98,59,100,2.48
456,Jalu,LY,2021-10-21 18:03:21,29.0331,21.5482,75.22,38,0,9.17
457,Corbelia,BR,2021-10-21 18:03:21,-24.7989,-53.3067,71.87,53,42,1.48
458,Jizan,SA,2021-10-21 18:03:22,17.3333,42.6667,87.31,62,56,6.62
459,Diamantino,BR,2021-10-21 18:00:04,-14.4086,-56.4461,93.58,40,71,2.1
460,Tateyama,JP,2021-10-21 18:03:22,34.9833,139.8667,58.01,87,100,12.93
461,Poum,NC,2021-10-21 18:03:23,-20.2333,164.0167,74.48,75,76,12.91
462,Soubre,CI,2021-10-21 18:03:23,5.7856,-6.6083,75.45,97,100,3.85
463,Starotimoshkino,RU,2021-10-21 18:03:23,53.7191,47.5312,49.15,84,100,16.93
464,Isla Mujeres,MX,2021-10-21 18:03:24,21.2311,-86.731,78.89,84,99,7.09
465,Matamoros,MX,2021-10-21 18:00:34,25.5333,-103.25,81.1,42,66,4.0
466,Ukiah,US,2021-10-21 17:59:41,39.1502,-123.2078,64.13,95,100,4.94
467,General Nakar,PH,2021-10-21 18:03:25,14.7631,121.635,83.52,87,100,7.2
468,Kargasok,RU,2021-10-21 18:03:25,59.0556,80.8572,43.05,78,99,7.56
469,Dongli,CN,2021-10-21 18:03:26,23.5656,116.8194,64.04,77,100,9.22
470,Terrace Bay,CA,2021-10-21 17:58:39,48.7834,-87.1,42.42,50,14,13.18
471,Auki,SB,2021-10-21 18:03:26,-8.7676,160.7034,76.91,87,100,5.32
472,Vestmanna,FO,2021-10-21 18:03:27,62.1564,-7.1664,38.32,87,75,25.32
473,Nizhniy Kuranakh,RU,2021-10-21 18:03:27,58.8353,125.4869,35.55,98,100,11.07
474,Lexington,US,2021-10-21 17:59:26,37.9887,-84.4777,70.95,78,63,1.01
475,Marawi,PH,2021-10-21 18:03:28,7.9986,124.2928,67.64,95,99,1.7
476,Zapolyarnyy,RU,2021-10-21 18:03:28,69.4154,30.8136,33.08,80,98,17.96
477,Boueni,YT,2021-10-21 18:03:29,-12.9025,45.0761,78.78,80,61,10.74
478,Roros,NO,2021-10-21 18:03:29,62.5747,11.3842,31.84,80,75,9.22
479,Shakiso,ET,2021-10-21 18:03:29,5.75,38.9167,60.73,89,100,1.99
480,Pangody,RU,2021-10-21 18:03:30,65.85,74.4859,27.3,82,26,3.0
481,Alamosa,US,2021-10-21 18:03:30,37.4695,-105.87,56.35,23,69,1.07
482,Mendi,PG,2021-10-21 18:03:31,-6.1761,143.6513,55.74,95,100,2.37
483,Marshall,US,2021-10-21 18:03:31,34.3834,-86.3333,79.61,59,40,3.0
484,Bajil,YE,2021-10-21 18:03:31,15.0584,43.2851,86.49,60,55,8.79
485,Tadine,NC,2021-10-21 18:03:32,-21.55,167.8833,69.71,86,100,6.42
486,Weligama,LK,2021-10-21 18:03:32,5.9667,80.4167,79.0,86,41,6.76
487,Luce,FR,2021-10-21 18:03:33,48.4369,1.4636,47.01,80,60,4.0
488,Saint-Louis,SN,2021-10-21 18:03:36,16.3333,-15.0,98.04,10,37,9.89
489,Kloulklubed,PW,2021-10-21 18:03:36,7.0419,134.2556,75.7,72,58,6.2
490,Collie,AU,2021-10-21 18:03:37,-33.3667,116.15,48.97,86,33,1.3
491,Shingu,JP,2021-10-21 18:03:37,33.7333,135.9833,54.52,78,100,4.27
492,Severo-Kurilsk,RU,2021-10-21 18:03:38,50.6789,156.125,36.68,72,94,7.76
493,Tautira,PF,2021-10-21 18:01:44,-17.7333,-149.15,78.82,78,66,10.51
494,Nemuro,JP,2021-10-21 18:03:39,43.3236,145.575,48.16,83,98,18.37
495,Gorontalo,ID,2021-10-21 18:03:39,0.5412,123.0595,75.94,94,99,2.59
496,South Sioux City,US,2021-10-21 18:03:40,42.4739,-96.4136,44.55,75,90,8.01
497,Alice Springs,AU,2021-10-21 18:03:08,-23.7,133.8833,65.75,32,0,0.0
498,Roebourne,AU,2021-10-21 18:03:40,-20.7833,117.1333,75.45,62,0,4.68
499,Kurchum,KZ,2021-10-21 18:03:41,48.5722,83.6542,51.26,33,86,7.65
500,Itarema,BR,2021-10-21 18:03:41,-2.9248,-39.9167,86.38,57,88,13.18
501,Fort Nelson,CA,2021-10-21 18:00:08,58.8053,-122.7002,26.19,93,90,2.3
502,Awjilah,LY,2021-10-21 18:03:42,29.1081,21.2869,75.29,38,0,9.31
503,Constitucion,CL,2021-10-21 18:03:42,-35.3333,-72.4167,60.84,71,100,15.75
504,Mattru,SL,2021-10-21 18:03:43,7.6244,-11.8332,76.87,93,100,4.14
505,Eslov,SE,2021-10-21 18:03:43,55.8393,13.3039,48.22,75,46,21.32
506,Jaru,BR,2021-10-21 17:59:13,-10.4389,-62.4664,89.6,52,80,3.27
507,Kruisfontein,ZA,2021-10-21 18:03:44,-34.0033,24.7314,64.89,79,90,8.08
508,Tsiroanomandidy,MG,2021-10-21 18:03:44,-18.7667,46.0333,70.77,64,31,6.49
509,Sao Filipe,CV,2021-10-21 18:03:45,14.8961,-24.4956,82.45,62,48,6.82
510,Chor,PK,2021-10-21 18:03:45,25.5167,69.7667,80.24,55,0,15.93
511,Luwuk,ID,2021-10-21 18:03:45,-0.9516,122.7875,78.22,83,65,1.54
512,Laguna,US,2021-10-21 18:01:21,38.421,-121.4238,67.64,91,90,11.5
513,Roseburg,US,2021-10-21 18:03:46,43.2165,-123.3417,69.64,68,1,0.0
514,Urubicha,BO,2021-10-21 18:03:46,-15.3833,-62.95,96.1,33,82,5.61
515,Tutoia,BR,2021-10-21 18:03:47,-2.7619,-42.2744,84.67,65,66,10.29
516,Rayagada,IN,2021-10-21 18:03:47,19.1667,83.4167,73.74,90,21,2.66
517,Nioro,GM,2021-10-21 18:03:48,13.35,-15.75,88.93,57,100,4.29
518,Middle Island,US,2021-10-21 18:03:48,40.8843,-72.9373,77.18,62,1,1.99
519,Mokrous,RU,2021-10-21 18:03:48,51.2333,47.5167,51.53,66,100,20.96
520,Poso,ID,2021-10-21 18:03:49,-1.3959,120.7524,76.12,88,79,5.12
521,Nome,US,2021-10-21 18:03:49,64.5011,-165.4064,33.87,70,90,5.75
522,Tuljapur,IN,2021-10-21 18:03:50,18.0,76.0833,69.1,60,16,10.07
523,Nushki,PK,2021-10-21 18:03:50,29.5542,66.0215,70.75,21,0,3.09
524,Kaura Namoda,NG,2021-10-21 18:03:51,12.5898,6.5779,88.16,34,40,2.21
525,Acapulco,MX,2021-10-21 18:03:51,16.8634,-99.8901,85.82,70,75,4.61
526,Kaduy,RU,2021-10-21 18:03:52,59.2,37.15,53.64,93,86,9.89
527,Moose Factory,CA,2021-10-21 18:03:52,51.2585,-80.6094,31.98,100,90,5.75
528,Walvis Bay,NA,2021-10-21 18:03:53,-22.9575,14.5053,62.1,87,14,1.3
529,Saint-Jean-De-Braye,FR,2021-10-21 18:03:53,47.913,1.9771,55.08,90,20,1.01
530,Salinas,US,2021-10-21 18:00:52,36.6777,-121.6555,71.4,78,1,0.0
531,Tacuarembo,UY,2021-10-21 18:03:53,-31.7333,-55.9833,71.91,52,0,8.39
532,Tari,NG,2021-10-21 18:03:54,12.4086,4.4914,89.56,38,72,5.84
533,Asilah,MA,2021-10-21 18:03:54,35.465,-6.0348,67.96,71,51,6.04
534,Severnyy,RU,2021-10-21 18:03:55,50.677,36.5532,55.44,67,87,15.66
535,Peniche,PT,2021-10-21 18:03:55,39.3558,-9.3811,65.68,77,34,20.67
536,Kotelnich,RU,2021-10-21 18:03:55,58.3089,48.348,46.47,96,100,12.84
537,Ust-Kuyga,RU,2021-10-21 18:03:56,70.0167,135.6,9.14,96,100,2.62
538,Yarmouth,US,2021-10-21 18:03:56,41.7057,-70.2286,75.65,73,1,11.99
539,Amboasary,MG,2021-10-21 18:03:57,-25.0333,46.3833,65.3,85,57,3.67
540,Kiruna,SE,2021-10-21 18:03:57,67.8557,20.2251,22.12,100,90,9.22
541,Shache,CN,2021-10-21 18:03:58,38.4167,77.2406,56.19,21,83,4.72
542,Gallup,US,2021-10-21 18:03:58,35.5281,-108.7426,63.36,29,1,1.99
543,Sylva,RU,2021-10-21 18:03:58,58.0348,56.7635,33.17,96,100,10.83
544,Oktyabrskiy,RU,2021-10-21 18:03:59,54.4815,53.471,35.8,95,100,18.9
545,Sibenik,HR,2021-10-21 18:03:59,43.7272,15.9058,64.38,66,100,10.0
546,Cesenatico,IT,2021-10-21 18:04:00,44.1999,12.3991,68.97,75,90,3.0
547,Sao Miguel Do Araguaia,BR,2021-10-21 18:04:00,-13.275,-50.1628,96.53,31,78,4.12
548,Natuba,BR,2021-10-21 18:04:01,-7.6414,-35.55,82.74,57,99,11.95
549,Umm Lajj,SA,2021-10-21 18:04:01,25.0213,37.2685,79.97,68,1,11.52
550,Kalakamati,BW,2021-10-21 18:04:02,-20.5929,27.3121,75.13,35,87,8.5
551,Goma,CD,2021-10-21 18:04:03,-1.6792,29.2228,64.42,91,93,1.28
552,Fereydun Kenar,IR,2021-10-21 18:04:03,36.6864,52.5225,53.91,73,74,10.92
553,Lasem,ID,2021-10-21 18:04:04,-6.6922,111.4527,80.13,80,93,3.38
554,Tromso,NO,2021-10-21 18:04:04,69.6496,18.957,35.62,55,75,4.0
555,Wuzhou,CN,2021-10-21 18:00:33,23.4833,111.3167,56.7,80,100,4.72
556,Ballina,AU,2021-10-21 18:04:05,-28.8667,153.5667,63.79,99,63,4.54
557,Pangoa,PE,2021-10-21 18:04:05,-12.1167,-73.0,91.6,38,8,5.1
558,Tual,ID,2021-10-21 18:04:06,-5.6667,132.75,81.91,77,80,7.07
559,Sibolga,ID,2021-10-21 18:04:06,1.7427,98.7792,76.87,88,100,2.68
560,Ati,TD,2021-10-21 18:04:07,13.2154,18.3353,92.3,30,85,3.49
561,Roald,NO,2021-10-21 18:04:07,62.5833,6.1333,43.9,81,40,16.11
562,Moussoro,TD,2021-10-21 18:04:08,13.6408,16.4901,91.8,34,93,7.25
563,Kushmurun,KZ,2021-10-21 18:04:08,52.4503,64.6311,32.88,68,32,9.66
564,Fengrun,CN,2021-10-21 18:04:08,39.8333,118.1167,42.75,49,0,4.05
565,Sur,OM,2021-10-21 18:00:16,22.5667,59.5289,80.6,64,3,11.74
566,Xiongzhou,CN,2021-10-21 18:04:09,25.1167,114.3,55.04,91,100,3.51
567,Abu Kamal,SY,2021-10-21 18:04:09,34.4506,40.9171,72.54,30,0,3.85
568,Hay River,CA,2021-10-21 18:00:08,60.8156,-115.7999,41.04,61,0,10.74
569,Mantua,IT,2021-10-21 18:03:58,45.1667,10.7833,61.7,92,100,2.24
570,Novo Aripuana,BR,2021-10-21 18:04:10,-5.1206,-60.3797,90.3,55,100,1.3
